x_0,y_0,z_0,x_1,y_1,z_1,x_2,y_2,z_2,x_3,y_3,z_3,x_4,y_4,z_4,x_5,y_5,z_5,x_6,y_6,z_6,x_7,y_7,z_7,x_8,y_8,z_8,x_9,y_9,z_9,x_10,y_10,z_10,x_11,y_11,z_11,x_12,y_12,z_12,x_13,y_13,z_13,x_14,y_14,z_14,x_15,y_15,z_15,x_16,y_16,z_16,x_17,y_17,z_17,x_18,y_18,z_18,x_19,y_19,z_19,x_20,y_20,z_20
0.4406745433807373,0.6699946522712708,4.4753912220585335e-07,0.49222853779792786,0.615730881690979,-0.02170810103416443,0.5338520407676697,0.5389007925987244,-0.03126678243279457,0.569024384021759,0.4861515462398529,-0.04038984701037407,0.6002324819564819,0.4671960473060608,-0.05001002922654152,0.4809260964393616,0.4264642596244812,-0.018767284229397774,0.49870622158050537,0.3338925242424011,-0.03333292901515961,0.5092447996139526,0.2765289545059204,-0.045319005846977234,0.5166715383529663,0.226485937833786,-0.05451646447181702,0.4407396614551544,0.41950055956840515,-0.019843967631459236,0.43455609679222107,0.31263768672943115,-0.031637709587812424,0.431024968624115,0.2467689961194992,-0.042094603180885315,0.4258054494857788,0.19290798902511597,-0.05021526664495468,0.40764784812927246,0.43896177411079407,-0.02389848604798317,0.38333356380462646,0.35325926542282104,-0.03645973652601242,0.3694366216659546,0.29654890298843384,-0.04825848713517189,0.35867956280708313,0.24461883306503296,-0.05686512216925621,0.3799338638782501,0.48058629035949707,-0.030407074838876724,0.3456268906593323,0.43025538325309753,-0.04319688305258751,0.3234866261482239,0.39435485005378723,-0.050764765590429306,0.3057706356048584,0.3572582006454468,-0.05587093532085419
0.42989104986190796,0.6915127635002136,4.6033787270971516e-07,0.47884291410446167,0.6358510255813599,-0.02328348346054554,0.5198957920074463,0.5586836338043213,-0.03506924584507942,0.5546174645423889,0.502259373664856,-0.04613008722662926,0.5856470465660095,0.478460431098938,-0.05785812810063362,0.46790289878845215,0.4475317597389221,-0.024311957880854607,0.4851016700267792,0.35379043221473694,-0.04135296866297722,0.4956590533256531,0.29442864656448364,-0.05492960289120674,0.5037113428115845,0.24169446527957916,-0.06524889171123505,0.428311288356781,0.44123607873916626,-0.025574807077646255,0.42130395770072937,0.33526724576950073,-0.03964269906282425,0.41648751497268677,0.26917973160743713,-0.051380258053541183,0.41044187545776367,0.21373239159584045,-0.060470301657915115,0.39526432752609253,0.46207523345947266,-0.029670562595129013,0.3704913854598999,0.3763338625431061,-0.04423804208636284,0.35564684867858887,0.31906479597091675,-0.05638739466667175,0.3440490961074829,0.26606059074401855,-0.06529907882213593,0.36755192279815674,0.5051611065864563,-0.03622210770845413,0.3331592082977295,0.45542359352111816,-0.05044494569301605,0.31098589301109314,0.4199732840061188,-0.05821014568209648,0.2929193079471588,0.3826744854450226,-0.06344722956418991
0.4299618899822235,0.6906387805938721,4.614947499703703e-07,0.47836989164352417,0.6359196305274963,-0.02389519102871418,0.5192136168479919,0.5586292743682861,-0.03616312891244888,0.5542581081390381,0.502223014831543,-0.04768338426947594,0.5853891372680664,0.47819089889526367,-0.059866249561309814,0.46817728877067566,0.44715553522109985,-0.025121359154582024,0.48536553978919983,0.3538401424884796,-0.042592234909534454,0.496021568775177,0.2944992780685425,-0.056430257856845856,0.5042850375175476,0.241642028093338,-0.06693089753389359,0.4285038113594055,0.440716028213501,-0.026239890605211258,0.4214807450771332,0.33506250381469727,-0.040683627128601074,0.41672283411026,0.26888608932495117,-0.05256059020757675,0.41085296869277954,0.21303346753120422,-0.06176081672310829,0.39538949728012085,0.461603045463562,-0.030255887657403946,0.37084558606147766,0.37607789039611816,-0.045163579285144806,0.3560013473033905,0.31856095790863037,-0.05741877853870392,0.3444660007953644,0.2652135491371155,-0.06637177616357803,0.3678017556667328,0.5047099590301514,-0.03679965063929558,0.3337077498435974,0.4547988772392273,-0.051308564841747284,0.3113047480583191,0.41923457384109497,-0.05926701799035072,0.2929704785346985,0.38194534182548523,-0.06463620066642761
0.43026021122932434,0.6903104782104492,4.57674275367026e-07,0.4795394539833069,0.6361302733421326,-0.023463444784283638,0.5205252766609192,0.5589491128921509,-0.03498135507106781,0.5548796653747559,0.5020717978477478,-0.04576566442847252,0.5853900909423828,0.47872933745384216,-0.05719398707151413,0.46869394183158875,0.4475516974925995,-0.023852592334151268,0.4856373965740204,0.35467156767845154,-0.04065420851111412,0.4962862730026245,0.2956360876560211,-0.05414262041449547,0.5044118762016296,0.24319548904895782,-0.06442413479089737,0.4289901852607727,0.44115301966667175,-0.024875342845916748,0.42175307869911194,0.3358946442604065,-0.038778744637966156,0.4169977903366089,0.26992249488830566,-0.050465479493141174,0.41098910570144653,0.2144312858581543,-0.05954032018780708,0.39601069688796997,0.4617058038711548,-0.028784455731511116,0.371226966381073,0.37667572498321533,-0.04321730136871338,0.35648778080940247,0.31963708996772766,-0.055411968380212784,0.34491291642189026,0.2669847011566162,-0.06433069705963135,0.3683854639530182,0.5043064951896667,-0.03520100563764572,0.33408617973327637,0.4546324610710144,-0.0493604950606823,0.31170758605003357,0.4190867841243744,-0.05726654827594757,0.293398916721344,0.38198861479759216,-0.06260865926742554
0.43015649914741516,0.6905516386032104,4.599692431384028e-07,0.4798353612422943,0.6357780694961548,-0.02342422865331173,0.5206443071365356,0.5592454671859741,-0.03491368144750595,0.5546088218688965,0.5026888251304626,-0.045700378715991974,0.5854105949401855,0.479958176612854,-0.05710224062204361,0.46920788288116455,0.4484187960624695,-0.023366626352071762,0.4862537682056427,0.3547917604446411,-0.040022097527980804,0.4970199167728424,0.2956218421459198,-0.053411658853292465,0.5052782893180847,0.2434305101633072,-0.06360181421041489,0.4297913610935211,0.4421384930610657,-0.024339402094483376,0.42272859811782837,0.33702367544174194,-0.038083288818597794,0.4180701971054077,0.2709435820579529,-0.04973727837204933,0.4121566414833069,0.21551093459129333,-0.058793310075998306,0.39683082699775696,0.46247583627700806,-0.02823346108198166,0.37218934297561646,0.37754008173942566,-0.04256659746170044,0.35755249857902527,0.3205431401729584,-0.054812703281641006,0.3460317552089691,0.2680278420448303,-0.06376342475414276,0.36903584003448486,0.5046786069869995,-0.034633371978998184,0.33493661880493164,0.45486605167388916,-0.04873565956950188,0.3126189112663269,0.4194677174091339,-0.05665076524019241,0.2942100167274475,0.3826112747192383,-0.06199296563863754
0.43053650856018066,0.6908897161483765,4.5430257955558773e-07,0.47928139567375183,0.6360462307929993,-0.023567112162709236,0.5197099447250366,0.559349775314331,-0.03552725911140442,0.5541501045227051,0.5032228827476501,-0.046764474362134933,0.5846951603889465,0.4788089990615845,-0.05872659757733345,0.46836501359939575,0.45039960741996765,-0.025067264214158058,0.485095739364624,0.357255220413208,-0.04230267181992531,0.4956524968147278,0.2979496717453003,-0.056020453572273254,0.503797709941864,0.24463430047035217,-0.06648208945989609,0.42882150411605835,0.4438343644142151,-0.02630019374191761,0.42172202467918396,0.33878350257873535,-0.040576595813035965,0.41674113273620605,0.2732193171977997,-0.052403904497623444,0.4104660451412201,0.2173958718776703,-0.06162123382091522,0.39589327573776245,0.46433037519454956,-0.030353855341672897,0.37110140919685364,0.37946686148643494,-0.04503171518445015,0.35620641708374023,0.3229835033416748,-0.05714310333132744,0.3444751501083374,0.2702309489250183,-0.06609891355037689,0.368312269449234,0.5070195198059082,-0.03691459447145462,0.3338221609592438,0.4576740264892578,-0.05114978179335594,0.31145069003105164,0.42266345024108887,-0.058927442878484726,0.2931342124938965,0.38574206829071045,-0.0642654299736023
0.4296533167362213,0.6917536854743958,4.662472576910659e-07,0.47861725091934204,0.637052059173584,-0.023799074813723564,0.5195832252502441,0.5613923072814941,-0.03590162470936775,0.5533482432365417,0.5057647228240967,-0.04725410416722298,0.5837591886520386,0.4823852479457855,-0.05921246111392975,0.4675929844379425,0.44980111718177795,-0.024610226973891258,0.48498642444610596,0.3563985228538513,-0.04195447266101837,0.49606138467788696,0.2972443103790283,-0.055737145245075226,0.5046087503433228,0.24484260380268097,-0.06611190736293793,0.42809948325157166,0.44382765889167786,-0.025641044601798058,0.4210682809352875,0.3383325934410095,-0.03998200595378876,0.416532427072525,0.27221569418907166,-0.051835011690855026,0.4107491970062256,0.21652910113334656,-0.060963306576013565,0.3952963054180145,0.4645634889602661,-0.029577648267149925,0.3705286681652069,0.37956035137176514,-0.04431384429335594,0.3558523654937744,0.32238560914993286,-0.056469954550266266,0.34437841176986694,0.26941123604774475,-0.06529733538627625,0.36787253618240356,0.5070807933807373,-0.036042243242263794,0.3336923122406006,0.4572441875934601,-0.05034177005290985,0.31144076585769653,0.4215155243873596,-0.05817284435033798,0.2931844890117645,0.384099543094635,-0.06340797990560532
0.4297887980937958,0.6923133730888367,4.6592387548116676e-07,0.4788408875465393,0.6375253796577454,-0.023450182750821114,0.5199024081230164,0.561455488204956,-0.03519424423575401,0.5538487434387207,0.5051644444465637,-0.046253837645053864,0.5843892693519592,0.4830339252948761,-0.05792040750384331,0.4679350256919861,0.44982653856277466,-0.023547718301415443,0.4854831397533417,0.35650205612182617,-0.040553394705057144,0.49661266803741455,0.2972956597805023,-0.054217323660850525,0.5051736235618591,0.2449766844511032,-0.06455084681510925,0.4284818768501282,0.44391635060310364,-0.024632735177874565,0.421554297208786,0.3387224078178406,-0.0386202335357666,0.4169425964355469,0.27260667085647583,-0.0503271222114563,0.4111204147338867,0.2169109284877777,-0.05938708409667015,0.3956994116306305,0.4644491374492645,-0.028653590008616447,0.3710689842700958,0.37897980213165283,-0.043053776025772095,0.3563852906227112,0.32178232073783875,-0.055088575929403305,0.3449167311191559,0.2689208388328552,-0.06385936588048935,0.36820563673973083,0.5068231225013733,-0.03520961105823517,0.3339667320251465,0.456673800945282,-0.04920748621225357,0.31177663803100586,0.4209088385105133,-0.056912217289209366,0.2936355173587799,0.3834936022758484,-0.062081579118967056
0.42948901653289795,0.693733811378479,4.6592543867518543e-07,0.4777110815048218,0.6367055177688599,-0.024099836125969887,0.5178433656692505,0.5605103969573975,-0.03663837909698486,0.551550567150116,0.5034472942352295,-0.048314936459064484,0.5810196399688721,0.4777882993221283,-0.060528989881277084,0.4658471345901489,0.4492413401603699,-0.024937722831964493,0.4830928444862366,0.3571413457393646,-0.041979577392339706,0.4933434724807739,0.29841098189353943,-0.055702902376651764,0.5009168386459351,0.2453119158744812,-0.06623290479183197,0.4264760911464691,0.4429325461387634,-0.025980548933148384,0.41943514347076416,0.33871424198150635,-0.04018982872366905,0.41452014446258545,0.2736811637878418,-0.05207538977265358,0.40822362899780273,0.2178063988685608,-0.06128548085689545,0.39374876022338867,0.46367770433425903,-0.029904145747423172,0.3692018985748291,0.3786407709121704,-0.04455602541565895,0.3541678190231323,0.3220916986465454,-0.0567469447851181,0.34218406677246094,0.26943424344062805,-0.06571251153945923,0.36640486121177673,0.5062531232833862,-0.03634824603796005,0.331683486700058,0.4576428532600403,-0.050486449152231216,0.30932891368865967,0.4229814410209656,-0.05828390643000603,0.2911302149295807,0.3865617513656616,-0.06356838345527649
0.42796066403388977,0.6907674074172974,4.607199741712975e-07,0.47695988416671753,0.6358060836791992,-0.023163218051195145,0.5175105929374695,0.5600782036781311,-0.03495350852608681,0.5512446761131287,0.5036366581916809,-0.046066559851169586,0.5815786123275757,0.48182669281959534,-0.05788397416472435,0.46494102478027344,0.4502400755882263,-0.024250542744994164,0.4821361005306244,0.3574848175048828,-0.04141775891184807,0.49286994338035583,0.2980506420135498,-0.055137988179922104,0.5009924173355103,0.24523986876010895,-0.06552661210298538,0.42553043365478516,0.44445985555648804,-0.025532502681016922,0.418214350938797,0.3388614058494568,-0.03976597636938095,0.41372573375701904,0.27263540029525757,-0.05143662914633751,0.4080621004104614,0.2170836627483368,-0.060442134737968445,0.39289242029190063,0.4653715193271637,-0.02963736467063427,0.36785024404525757,0.3803873360157013,-0.04422910511493683,0.35316765308380127,0.3231147527694702,-0.05621149763464928,0.3417448401451111,0.27035418152809143,-0.06493079662322998,0.3657844364643097,0.508094072341919,-0.03621001914143562,0.3312452435493469,0.4585462212562561,-0.05033623427152634,0.3090038299560547,0.42280200123786926,-0.05803937092423439,0.2908422350883484,0.3855312168598175,-0.06322650611400604
0.5569630861282349,0.8121219873428345,6.211486152096768e-07,0.6052533984184265,0.7441791296005249,-0.027564972639083862,0.626407265663147,0.6339972615242004,-0.04033191502094269,0.589146077632904,0.574425458908081,-0.0534839853644371,0.5428412556648254,0.5610841512680054,-0.06538177281618118,0.5956017971038818,0.49319276213645935,-0.018017688766121864,0.6213973164558411,0.3776739239692688,-0.037715617567300797,0.6364526748657227,0.3057880401611328,-0.05224990099668503,0.6461381912231445,0.23943427205085754,-0.061996717005968094,0.5529099106788635,0.49047285318374634,-0.022546939551830292,0.5418763756752014,0.35156023502349854,-0.04617142677307129,0.5364341735839844,0.26562178134918213,-0.06281224638223648,0.526562511920929,0.1894914209842682,-0.07207129895687103,0.5174831748008728,0.5245978832244873,-0.02992958016693592,0.5245164036750793,0.4430500566959381,-0.06784103810787201,0.5505779385566711,0.5204207897186279,-0.07146883010864258,0.5569121241569519,0.5838143229484558,-0.06210003420710564,0.4876265823841095,0.5814415216445923,-0.039237212389707565,0.49754825234413147,0.4991524815559387,-0.06688324362039566,0.52462238073349,0.5423979759216309,-0.060763273388147354,0.5362874865531921,0.5949162840843201,-0.04888681322336197
0.5556480288505554,0.8109582662582397,6.113517088124354e-07,0.6033626198768616,0.7423843741416931,-0.0265316404402256,0.6248754858970642,0.6348143815994263,-0.03898962214589119,0.5892138481140137,0.5738967657089233,-0.05203726142644882,0.5435489416122437,0.561876654624939,-0.064018115401268,0.5937487483024597,0.4966040551662445,-0.017150986939668655,0.6197478771209717,0.38188982009887695,-0.03662842512130737,0.6349271535873413,0.3106662929058075,-0.051240041851997375,0.6448795795440674,0.24381700158119202,-0.061165809631347656,0.5519848465919495,0.4931568205356598,-0.02197931706905365,0.5416784882545471,0.3550070822238922,-0.04512429237365723,0.5360437631607056,0.26986396312713623,-0.0615992471575737,0.5263957381248474,0.19386863708496094,-0.07097259163856506,0.517365574836731,0.5264933705329895,-0.02954084239900112,0.5241849422454834,0.44566842913627625,-0.06624209880828857,0.5490831136703491,0.5215295553207397,-0.06926361471414566,0.5551725625991821,0.5842646956443787,-0.059923745691776276,0.4880252778530121,0.5829721689224243,-0.039015259593725204,0.49780991673469543,0.500280499458313,-0.06543267518281937,0.5239965319633484,0.5437414050102234,-0.05858808010816574,0.5352922081947327,0.5968815684318542,-0.04647819697856903
0.5582156777381897,0.8078754544258118,6.03746968863561e-07,0.6047228574752808,0.7397871017456055,-0.026970917358994484,0.6262022256851196,0.631572425365448,-0.039304982870817184,0.5917242765426636,0.5692305564880371,-0.052106596529483795,0.5464873313903809,0.5516207218170166,-0.06368600577116013,0.5946698188781738,0.49503839015960693,-0.016705544665455818,0.6211887001991272,0.3815861940383911,-0.035803720355033875,0.6365504264831543,0.31142833828926086,-0.050100184977054596,0.6470184922218323,0.24566155672073364,-0.059706803411245346,0.5538386106491089,0.49140438437461853,-0.02106916531920433,0.5433255434036255,0.3539413809776306,-0.04380682110786438,0.5388072729110718,0.26965323090553284,-0.060145724564790726,0.5300842523574829,0.19472768902778625,-0.06942157447338104,0.5197393894195557,0.5238026976585388,-0.028304746374487877,0.5264632701873779,0.4424707293510437,-0.06501753628253937,0.5529389977455139,0.516770601272583,-0.06869754940271378,0.5599074363708496,0.578964352607727,-0.059828564524650574,0.4907180070877075,0.578331708908081,-0.03747790306806564,0.5004753470420837,0.49378538131713867,-0.06403878331184387,0.5269554853439331,0.5355156064033508,-0.057920269668102264,0.5384902954101562,0.5882986187934875,-0.046365875750780106
0.5566051602363586,0.81154465675354,5.927923325543816e-07,0.6030893921852112,0.7430580854415894,-0.02620648592710495,0.6239784359931946,0.6350544691085815,-0.03851042315363884,0.5911915302276611,0.5729171633720398,-0.05147913843393326,0.5473517775535583,0.5595471858978271,-0.06325878947973251,0.5934002995491028,0.4994618892669678,-0.016863953322172165,0.6197702884674072,0.3862675428390503,-0.03599334508180618,0.6347213983535767,0.3161885738372803,-0.050249237567186356,0.6448294520378113,0.25036877393722534,-0.059972573071718216,0.5529817342758179,0.4963020384311676,-0.0216815322637558,0.5426740050315857,0.36017242074012756,-0.044519368559122086,0.5385164022445679,0.2766101360321045,-0.060494545847177505,0.5300014019012451,0.20188304781913757,-0.06969873607158661,0.5187385678291321,0.528693675994873,-0.029302015900611877,0.5265265107154846,0.44482749700546265,-0.06580759584903717,0.5525002479553223,0.5195473432540894,-0.06898342818021774,0.5587523579597473,0.582933783531189,-0.0599665567278862,0.48931679129600525,0.583010196685791,-0.03885544463992119,0.4993961751461029,0.49885326623916626,-0.06524597108364105,0.5257925391197205,0.5399625301361084,-0.0591624490916729,0.5367631316184998,0.5923576354980469,-0.04779919981956482
0.5557842254638672,0.8118488788604736,5.866007768418058e-07,0.6030181646347046,0.7415214776992798,-0.0261150524020195,0.6249158978462219,0.6351274251937866,-0.03773605078458786,0.5913158059120178,0.5711137652397156,-0.04999072104692459,0.5467515587806702,0.5575158596038818,-0.06126189976930618,0.5943832397460938,0.5008515119552612,-0.01539650373160839,0.6204161047935486,0.38605058193206787,-0.03347824513912201,0.6355146765708923,0.31608515977859497,-0.04730968177318573,0.6453895568847656,0.24958840012550354,-0.056930720806121826,0.5540055632591248,0.4967101216316223,-0.019986215978860855,0.5448799133300781,0.3594321012496948,-0.041913434863090515,0.5405008792877197,0.2759670913219452,-0.058084093034267426,0.5321133136749268,0.2004413902759552,-0.0675419345498085,0.5203195214271545,0.5282921195030212,-0.027340536937117577,0.5279680490493774,0.4455490708351135,-0.06307071447372437,0.5519411563873291,0.5219993591308594,-0.06630892306566238,0.5574753284454346,0.5847491025924683,-0.057427164167165756,0.49137648940086365,0.5824605226516724,-0.036593854427337646,0.500825047492981,0.49681854248046875,-0.062449436634778976,0.5257325768470764,0.5389801859855652,-0.05600253492593765,0.5363913178443909,0.5918567180633545,-0.04447661340236664
0.7400847673416138,0.6468303799629211,6.281979381128622e-07,0.792057991027832,0.5601678490638733,-0.030962638556957245,0.832675039768219,0.4528483748435974,-0.04837153106927872,0.8728179931640625,0.3718680739402771,-0.06435688585042953,0.9103017449378967,0.32065191864967346,-0.08142662048339844,0.7599356174468994,0.34692561626434326,-0.03422557935118675,0.7715352773666382,0.2259020209312439,-0.057700544595718384,0.777463972568512,0.15071097016334534,-0.07650090754032135,0.7817181944847107,0.08194571733474731,-0.0902051031589508,0.7153449654579163,0.3553077280521393,-0.03471604362130165,0.7034645676612854,0.2337624728679657,-0.05428873747587204,0.6958479285240173,0.15391115844249725,-0.07079051434993744,0.6865484118461609,0.08190363645553589,-0.08358408510684967,0.6789402961730957,0.39126089215278625,-0.03864791616797447,0.6521976590156555,0.29332345724105835,-0.05757388100028038,0.6358523368835449,0.22558468580245972,-0.07113539427518845,0.6217942237854004,0.16096238791942596,-0.08096399903297424,0.6494911313056946,0.44756409525871277,-0.04568484053015709,0.6158947348594666,0.38508254289627075,-0.06310803443193436,0.5953041315078735,0.3402385413646698,-0.0711178183555603,0.5771224498748779,0.29280081391334534,-0.07629328966140747
0.7308754324913025,0.6466654539108276,6.337292006719508e-07,0.7827193140983582,0.5587942004203796,-0.03161993995308876,0.8229912519454956,0.45022904872894287,-0.04909716546535492,0.8617702722549438,0.36802321672439575,-0.06508619338274002,0.8986350893974304,0.31702128052711487,-0.08216627687215805,0.7476943731307983,0.34443825483322144,-0.034547433257102966,0.757957935333252,0.22202493250370026,-0.05797947198152542,0.7637473940849304,0.1466299593448639,-0.07687997817993164,0.7681497931480408,0.077769935131073,-0.09070080518722534,0.7030556201934814,0.3550712466239929,-0.03481568396091461,0.6909291744232178,0.23434382677078247,-0.0544816292822361,0.682771623134613,0.15494003891944885,-0.07145782560110092,0.6731629371643066,0.08344918489456177,-0.08475428074598312,0.6667848229408264,0.3924490809440613,-0.03862656652927399,0.6393640637397766,0.29504862427711487,-0.057811588048934937,0.6221535205841064,0.22683697938919067,-0.07211121171712875,0.6074564456939697,0.16215351223945618,-0.08255074918270111,0.6371707916259766,0.4498365819454193,-0.045589663088321686,0.6027392745018005,0.3867451846599579,-0.06336154043674469,0.5816879272460938,0.3411218225955963,-0.07196036726236343,0.5630815029144287,0.29292023181915283,-0.077663853764534
0.7287523150444031,0.6525795459747314,6.333798410196323e-07,0.7792235612869263,0.565492570400238,-0.03230579197406769,0.8200289607048035,0.45605048537254333,-0.049931034445762634,0.8584804534912109,0.37323179841041565,-0.06586192548274994,0.8952328562736511,0.32106733322143555,-0.08273903280496597,0.7429981231689453,0.34710419178009033,-0.03443226218223572,0.7528135776519775,0.22406233847141266,-0.057302046567201614,0.7576305866241455,0.14844614267349243,-0.07551202178001404,0.7616674900054932,0.07953089475631714,-0.08879265934228897,0.6977649331092834,0.35893380641937256,-0.03430373966693878,0.6835469603538513,0.23712357878684998,-0.05342364311218262,0.6745481491088867,0.15745419263839722,-0.06967629492282867,0.6651966571807861,0.08570811152458191,-0.08240452408790588,0.6614142060279846,0.3975920081138611,-0.0378071554005146,0.6330901384353638,0.299363374710083,-0.056598976254463196,0.6148062348365784,0.23197348415851593,-0.07028043270111084,0.5996904969215393,0.16831307113170624,-0.08019741624593735,0.6321150064468384,0.45682492852211,-0.04455633461475372,0.5967246890068054,0.392801433801651,-0.06176652014255524,0.5745963454246521,0.3470563590526581,-0.06975820660591125,0.5553595423698425,0.29881390929222107,-0.07499699294567108
0.7273443937301636,0.6543756723403931,6.357193456096866e-07,0.777380645275116,0.5666035413742065,-0.03228271007537842,0.8178008198738098,0.45765364170074463,-0.04994414001703262,0.8555425405502319,0.3743889331817627,-0.06583984941244125,0.8914692401885986,0.32189953327178955,-0.0826406255364418,0.7412213087081909,0.3468308448791504,-0.03436654806137085,0.7518798112869263,0.22338666021823883,-0.05706661194562912,0.7565231323242188,0.14757002890110016,-0.07523436099290848,0.7600654363632202,0.07851922512054443,-0.08849888294935226,0.6959444284439087,0.35871434211730957,-0.03412746265530586,0.6815380454063416,0.23649254441261292,-0.05301239341497421,0.6723917126655579,0.15709775686264038,-0.0691327154636383,0.6630341410636902,0.08595311641693115,-0.08176235109567642,0.6595929265022278,0.3976288437843323,-0.03748559579253197,0.6311758160591125,0.29966506361961365,-0.05603330209851265,0.6129888296127319,0.23259443044662476,-0.0696491152048111,0.5979447960853577,0.16929496824741364,-0.07954089343547821,0.6303514838218689,0.4573553502559662,-0.04408401995897293,0.5948176383972168,0.39339324831962585,-0.0611455924808979,0.572590708732605,0.3478448688983917,-0.06902318447828293,0.553272008895874,0.29987138509750366,-0.0741477906703949
0.7286995649337769,0.6538132429122925,6.406503416656051e-07,0.779708981513977,0.5662327408790588,-0.032197944819927216,0.8207269906997681,0.4571777582168579,-0.0500943660736084,0.8592298030853271,0.3747769296169281,-0.06621687114238739,0.8954921364784241,0.32244980335235596,-0.08330746740102768,0.7444778084754944,0.3478626608848572,-0.035606931895017624,0.7552811503410339,0.22377116978168488,-0.05889252573251724,0.7604073882102966,0.14723019301891327,-0.07712569087743759,0.7646527290344238,0.07790893316268921,-0.09033025056123734,0.6992321610450745,0.3588164150714874,-0.0355764776468277,0.6849341988563538,0.2356342077255249,-0.05494839325547218,0.6764855980873108,0.15535777807235718,-0.07109160721302032,0.6678142547607422,0.08357542753219604,-0.08366386592388153,0.6627562046051025,0.39730507135391235,-0.03907473385334015,0.634308397769928,0.29865333437919617,-0.05795275792479515,0.6162356734275818,0.2312638908624649,-0.07165652513504028,0.6013414859771729,0.16772916913032532,-0.0816085934638977,0.633331835269928,0.4568917155265808,-0.04576465114951134,0.5979527831077576,0.39359769225120544,-0.06301713734865189,0.575829267501831,0.34850701689720154,-0.07097933441400528,0.5566523671150208,0.3010927140712738,-0.07618831098079681
0.7897087931632996,0.6076532602310181,6.84192400512984e-07,0.8431804776191711,0.5180850028991699,-0.0349685400724411,0.884381115436554,0.40263983607292175,-0.054529450833797455,0.9235960245132446,0.3159955143928528,-0.07204193621873856,0.9621495604515076,0.26079002022743225,-0.0905904769897461,0.8102087378501892,0.2969376742839813,-0.0411716103553772,0.8238745331764221,0.16602948307991028,-0.06747370958328247,0.832700252532959,0.08456361293792725,-0.08805150538682938,0.839899480342865,0.009909957647323608,-0.1027778685092926,0.7641000747680664,0.30688121914863586,-0.040768079459667206,0.7512933015823364,0.1836940348148346,-0.06299357116222382,0.7444868087768555,0.10169361531734467,-0.08068247139453888,0.736833930015564,0.024347543716430664,-0.09423860162496567,0.7264440059661865,0.3457518517971039,-0.04396643117070198,0.6994436979293823,0.24666652083396912,-0.06474503129720688,0.6813092827796936,0.178787961602211,-0.07857032120227814,0.6658803820610046,0.11281494796276093,-0.08859994262456894,0.6959314346313477,0.40640801191329956,-0.05068650841712952,0.661171555519104,0.3431280255317688,-0.06901203840970993,0.6390265226364136,0.296355277299881,-0.07694098353385925,0.619551956653595,0.24777793884277344,-0.08208595961332321
0.7951964735984802,0.6015996932983398,7.552468446192506e-07,0.8518271446228027,0.5161679983139038,-0.03969157859683037,0.8942129611968994,0.3999652564525604,-0.06247185170650482,0.9329279661178589,0.3135058581829071,-0.08238882571458817,0.9727161526679993,0.25624775886535645,-0.10375892370939255,0.8179675936698914,0.2886110544204712,-0.052913181483745575,0.833945631980896,0.1514071822166443,-0.08578497916460037,0.8442594408988953,0.06255429983139038,-0.1101490780711174,0.8531903028488159,-0.01858961582183838,-0.12711641192436218,0.770362138748169,0.29703381657600403,-0.05313453823328018,0.7555873394012451,0.1616193950176239,-0.08249872177839279,0.7491219639778137,0.06751853227615356,-0.10520145297050476,0.742154061794281,-0.02270793914794922,-0.12197329849004745,0.7315892577171326,0.33875301480293274,-0.0569060742855072,0.7046123743057251,0.23820771276950836,-0.08502461016178131,0.6873843669891357,0.16661933064460754,-0.10308357328176498,0.6721483469009399,0.09703674912452698,-0.11523483693599701,0.7007289528846741,0.40335869789123535,-0.06419605016708374,0.6651580929756165,0.3367966115474701,-0.08855434507131577,0.6424890160560608,0.2873198390007019,-0.09954486787319183,0.6220113039016724,0.23398637771606445,-0.10662131756544113
0.78679358959198,0.6151479482650757,6.362727731357154e-07,0.8414857983589172,0.5236086845397949,-0.031307145953178406,0.8843925595283508,0.41160911321640015,-0.04817573353648186,0.9237333536148071,0.3245583772659302,-0.06379987299442291,0.9606814384460449,0.269276887178421,-0.08070051670074463,0.8061727285385132,0.31057441234588623,-0.035036809742450714,0.8195592761039734,0.1827453225851059,-0.05965348705649376,0.8270573019981384,0.10323823988437653,-0.07930317521095276,0.8332809805870056,0.031440287828445435,-0.09346797317266464,0.7592896223068237,0.3211788535118103,-0.036087725311517715,0.7477030158042908,0.19439388811588287,-0.05660669505596161,0.7409809827804565,0.11040927469730377,-0.07432625442743301,0.733283281326294,0.0351790189743042,-0.08832979202270508,0.721213698387146,0.35964465141296387,-0.04066107049584389,0.6934240460395813,0.258172869682312,-0.06095759570598602,0.6764228940010071,0.18815584480762482,-0.075790174305439,0.662551760673523,0.1212250143289566,-0.08681108057498932,0.6904269456863403,0.4194769859313965,-0.048330847173929214,0.6552246809005737,0.3553045690059662,-0.06720802187919617,0.6335959434509277,0.30876150727272034,-0.07608433812856674,0.6147659420967102,0.2588791847229004,-0.0821240022778511
0.7734718322753906,0.6570078134536743,6.393959210981848e-07,0.8257278203964233,0.5679730176925659,-0.033068444579839706,0.8665359616279602,0.45876428484916687,-0.05102849379181862,0.9039957523345947,0.3708012104034424,-0.06749715656042099,0.9404575824737549,0.3153395354747772,-0.08522956073284149,0.7858222126960754,0.3586762845516205,-0.03694792464375496,0.7969039678573608,0.2328246831893921,-0.06213262304663658,0.8029674291610718,0.15351250767707825,-0.08243277668952942,0.8075369596481323,0.08149349689483643,-0.09723681211471558,0.7399603128433228,0.3701308071613312,-0.037432581186294556,0.7255396842956543,0.2451048195362091,-0.05865320935845375,0.7170847058296204,0.16235750913619995,-0.07713144272565842,0.7075899243354797,0.08776375651359558,-0.09174460917711258,0.7029745578765869,0.4094712436199188,-0.04149128124117851,0.6736798882484436,0.31100985407829285,-0.06261901557445526,0.6559037566184998,0.24305737018585205,-0.07838346064090729,0.6408388614654541,0.1775560826063156,-0.08994071930646896,0.6736491322517395,0.46969589591026306,-0.04873669520020485,0.6387885808944702,0.4072279930114746,-0.0680927038192749,0.6171019077301025,0.3630828261375427,-0.07748313248157501,0.5977984666824341,0.31589385867118835,-0.08392443507909775
0.7269527316093445,0.6855970621109009,6.754094670213817e-07,0.7739238739013672,0.5908081531524658,-0.029400737956166267,0.8112123608589172,0.4811110496520996,-0.044296327978372574,0.8451762199401855,0.39747482538223267,-0.05798233300447464,0.8771251440048218,0.3461158871650696,-0.07261697947978973,0.7289907336235046,0.4012456238269806,-0.03213183954358101,0.7362359166145325,0.28010451793670654,-0.053793784230947495,0.7422370314598083,0.20304575562477112,-0.07162445783615112,0.7475842237472534,0.13561484217643738,-0.08434087038040161,0.6849691271781921,0.41610977053642273,-0.03329380601644516,0.6672086715698242,0.2925727963447571,-0.04988802969455719,0.658123254776001,0.21161291003227234,-0.06565757840871811,0.6501409411430359,0.14360696077346802,-0.07877235859632492,0.6496572494506836,0.45570895075798035,-0.0378386490046978,0.6201701164245605,0.35778841376304626,-0.054410673677921295,0.6013226509094238,0.29429274797439575,-0.06872328370809555,0.5880556702613831,0.23916780948638916,-0.07983089983463287,0.6221177577972412,0.5153858065605164,-0.0455254428088665,0.5860787630081177,0.4597175419330597,-0.060903292149305344,0.5627830028533936,0.4215843975543976,-0.06943248212337494,0.5440564751625061,0.3821832835674286,-0.07580462098121643
0.48677462339401245,0.6932991743087769,7.142961067074793e-07,0.5095866918563843,0.5957145094871521,-0.029731102287769318,0.5148195624351501,0.4857384264469147,-0.042535148561000824,0.5215207934379578,0.39335212111473083,-0.053206752985715866,0.5406128168106079,0.32915472984313965,-0.0637042373418808,0.4376320242881775,0.42111995816230774,-0.021019933745265007,0.42329609394073486,0.3084953725337982,-0.03774464130401611,0.4129231870174408,0.23862002789974213,-0.052812423557043076,0.4028979539871216,0.1781291365623474,-0.06402289122343063,0.4032285213470459,0.45134738087654114,-0.019225219264626503,0.37197092175483704,0.35082751512527466,-0.03255126252770424,0.35041290521621704,0.2883014678955078,-0.04622732102870941,0.3308141827583313,0.23386962711811066,-0.056428760290145874,0.3801237940788269,0.5027024149894714,-0.02129463292658329,0.3401173949241638,0.4281749725341797,-0.036420661956071854,0.3125707507133484,0.3814862370491028,-0.04910622909665108,0.28894761204719543,0.33975544571876526,-0.057561662048101425,0.3670906126499176,0.5715315341949463,-0.026447581127285957,0.3287627696990967,0.5372805595397949,-0.04187136888504028,0.30203044414520264,0.5140535831451416,-0.0494716577231884,0.2765362560749054,0.4871663749217987,-0.05355427414178848
0.4220556318759918,0.6436284184455872,7.155288130888948e-07,0.4496130645275116,0.549705445766449,-0.03307103365659714,0.4586160182952881,0.43482810258865356,-0.04870786890387535,0.46817317605018616,0.33785706758499146,-0.06148386746644974,0.48316022753715515,0.26591750979423523,-0.07383234798908234,0.38164716958999634,0.361652672290802,-0.0291757732629776,0.37011149525642395,0.24475538730621338,-0.049410197883844376,0.3602590262889862,0.17126429080963135,-0.06650780141353607,0.34939345717430115,0.10652846097946167,-0.07924159616231918,0.3433765470981598,0.3880525529384613,-0.027146028354763985,0.31449857354164124,0.2803143858909607,-0.04401347413659096,0.2923019230365753,0.21309353411197662,-0.05982014909386635,0.2710120379924774,0.1537788212299347,-0.07168948650360107,0.3166367709636688,0.43881577253341675,-0.028996840119361877,0.2770423889160156,0.35832351446151733,-0.047637853771448135,0.2496597170829773,0.3084467053413391,-0.06226477771997452,0.22503980994224548,0.2625793218612671,-0.07221236079931259,0.29930898547172546,0.5095815062522888,-0.033830832690000534,0.25673332810401917,0.4707401990890503,-0.05210704728960991,0.22808434069156647,0.44888609647750854,-0.060730062425136566,0.20118121802806854,0.42135852575302124,-0.06569835543632507
0.38638412952423096,0.6530881524085999,6.862583177280612e-07,0.41351327300071716,0.5572706460952759,-0.03416932001709938,0.41915586590766907,0.43881505727767944,-0.0490366630256176,0.42890697717666626,0.3375210165977478,-0.06085364520549774,0.4467604160308838,0.264996200799942,-0.07236671447753906,0.3452327847480774,0.3658301830291748,-0.032211191952228546,0.3325544595718384,0.24324043095111847,-0.05257199704647064,0.32234612107276917,0.16404704749584198,-0.06900177150964737,0.31147557497024536,0.09620657563209534,-0.0810878798365593,0.30711084604263306,0.39189890027046204,-0.029660562053322792,0.27667585015296936,0.27914202213287354,-0.045934125781059265,0.2530832886695862,0.2071920782327652,-0.060255017131567,0.2298327386379242,0.14610552787780762,-0.07097817957401276,0.28042176365852356,0.4423529803752899,-0.03106476366519928,0.2381214052438736,0.35849618911743164,-0.04969583824276924,0.20962467789649963,0.3026483654975891,-0.0642809346318245,0.18370957672595978,0.2543832063674927,-0.07392855733633041,0.26298514008522034,0.5122635364532471,-0.03569231182336807,0.21797722578048706,0.472996324300766,-0.05559200420975685,0.18756181001663208,0.44987165927886963,-0.06569644808769226,0.15849460661411285,0.42336857318878174,-0.07122903317213058
0.35372692346572876,0.6904413104057312,6.358009159157518e-07,0.37995508313179016,0.5937297344207764,-0.03667537868022919,0.38059085607528687,0.4774850010871887,-0.05226659029722214,0.3838811218738556,0.37975525856018066,-0.06441041827201843,0.3986416161060333,0.3071053624153137,-0.07594912499189377,0.30145400762557983,0.4084300100803375,-0.03165116906166077,0.28697919845581055,0.29044127464294434,-0.051576077938079834,0.2750376760959625,0.2136574387550354,-0.06839574128389359,0.26212456822395325,0.14738494157791138,-0.08112174272537231,0.265278160572052,0.43773967027664185,-0.027772925794124603,0.23404942452907562,0.3298543095588684,-0.04363019019365311,0.20884734392166138,0.2607482671737671,-0.05797158181667328,0.18410301208496094,0.20246681571006775,-0.06911274790763855,0.24143433570861816,0.49016526341438293,-0.028196996077895164,0.19888949394226074,0.4114753007888794,-0.04557177424430847,0.16824543476104736,0.3600670099258423,-0.05961204692721367,0.14039751887321472,0.3151415288448334,-0.06952943652868271,0.2272929847240448,0.561443567276001,-0.03224530443549156,0.18165205419063568,0.5297814011573792,-0.05009278655052185,0.15049421787261963,0.5078871250152588,-0.05958086624741554,0.12109382450580597,0.481754869222641,-0.06560288369655609
0.4343673586845398,0.6486724615097046,5.2735964573003e-07,0.45542624592781067,0.5474523901939392,-0.028631268069148064,0.4608914852142334,0.43506690859794617,-0.046187568455934525,0.4683593511581421,0.3416272699832916,-0.06205599755048752,0.4836660623550415,0.2735326290130615,-0.07835904508829117,0.3807905912399292,0.3702438473701477,-0.036287833005189896,0.3631070852279663,0.25075578689575195,-0.0618024617433548,0.35262149572372437,0.1769048273563385,-0.08118858933448792,0.3422039747238159,0.11186712980270386,-0.09448305517435074,0.3437212109565735,0.3995227515697479,-0.03761463984847069,0.3091067671775818,0.2888861894607544,-0.05767221376299858,0.28571128845214844,0.22156648337841034,-0.07259996980428696,0.26401135325431824,0.16509494185447693,-0.08351503312587738,0.3180181086063385,0.4509407579898834,-0.042111173272132874,0.2704969644546509,0.3710780143737793,-0.061369888484478,0.2404516190290451,0.3217099905014038,-0.07434125244617462,0.21561545133590698,0.27984485030174255,-0.08310862630605698,0.3046645224094391,0.522986650466919,-0.04924526438117027,0.2543078660964966,0.4875280559062958,-0.06680295616388321,0.22289469838142395,0.4651474952697754,-0.07357897609472275,0.19409844279289246,0.44136327505111694,-0.0771743506193161
0.7949472665786743,0.9206180572509766,8.275812888314249e-07,0.8608558177947998,0.8428516387939453,-0.039404094219207764,0.9136947393417358,0.7391386032104492,-0.06736517697572708,0.9641954898834229,0.6660690307617188,-0.09285125136375427,1.014804482460022,0.6185320019721985,-0.1193859800696373,0.831591010093689,0.6051643490791321,-0.056865815073251724,0.8535347580909729,0.46252644062042236,-0.09252870827913284,0.8669792413711548,0.37294745445251465,-0.11764536052942276,0.8787611722946167,0.29645398259162903,-0.1346251368522644,0.7800878286361694,0.605878472328186,-0.05908483266830444,0.7679369449615479,0.45989513397216797,-0.08907119184732437,0.7620170712471008,0.36136192083358765,-0.11010266840457916,0.7548790574073792,0.277566522359848,-0.12526577711105347,0.7370215654373169,0.6443527936935425,-0.06515186280012131,0.7028840780258179,0.5281323790550232,-0.09402155876159668,0.6826488971710205,0.4467930793762207,-0.11440850794315338,0.6666340827941895,0.3764776587486267,-0.12769880890846252,0.7060192823410034,0.7104438543319702,-0.0743914470076561,0.6565521359443665,0.6444094777107239,-0.1012604683637619,0.6241621375083923,0.5994930267333984,-0.11438234895467758,0.5969253778457642,0.5536734461784363,-0.12209224700927734
0.8325836658477783,0.9133040308952332,7.99905251369637e-07,0.9030038118362427,0.8444240689277649,-0.04201978072524071,0.9675319790840149,0.7456390857696533,-0.06963377445936203,1.0325841903686523,0.693034291267395,-0.09581318497657776,1.089057445526123,0.6725732684135437,-0.12490285187959671,0.8920278549194336,0.615180492401123,-0.06427022069692612,0.9220906496047974,0.47520262002944946,-0.10073629766702652,0.9394461512565613,0.3849220871925354,-0.12761978805065155,0.955306351184845,0.3007495105266571,-0.14763076603412628,0.8360365033149719,0.6122810244560242,-0.06738174706697464,0.832145631313324,0.4634649157524109,-0.09896965324878693,0.8311866521835327,0.36214467883110046,-0.12342090904712677,0.8290467858314514,0.2668239176273346,-0.14354580640792847,0.7880778312683105,0.6481488943099976,-0.07375375181436539,0.7598564624786377,0.5307400822639465,-0.10308270156383514,0.7425148487091064,0.4468388855457306,-0.12379546463489532,0.7299386858940125,0.3646218478679657,-0.14018514752388,0.7492480278015137,0.7131304144859314,-0.08421863615512848,0.7034838199615479,0.6469482183456421,-0.11095976084470749,0.673425018787384,0.5996280312538147,-0.12432656437158585,0.6489307880401611,0.54868084192276,-0.13472019135951996
0.7235627770423889,0.8283416032791138,1.0675381645341986e-06,0.7898958325386047,0.7175332307815552,-0.03817334026098251,0.8427551984786987,0.6006036996841431,-0.0598880834877491,0.8973507881164551,0.5174753069877625,-0.07953482866287231,0.9436336755752563,0.47186505794525146,-0.10137202590703964,0.7512432336807251,0.47909173369407654,-0.04920145496726036,0.7721784710884094,0.331371009349823,-0.07761988043785095,0.7906445264816284,0.23930507898330688,-0.10146701335906982,0.8067281246185303,0.15535610914230347,-0.11933062970638275,0.6952419877052307,0.4863153100013733,-0.051742296665906906,0.6845391988754272,0.32830947637557983,-0.07477925717830658,0.6806904077529907,0.22961410880088806,-0.09791426360607147,0.6752116680145264,0.14356011152267456,-0.11677494645118713,0.6502895951271057,0.5293030142784119,-0.057687271386384964,0.6156834363937378,0.41207247972488403,-0.08175040781497955,0.5938917398452759,0.33503666520118713,-0.103924959897995,0.5761200785636902,0.264195054769516,-0.12051182240247726,0.6165270209312439,0.6044878959655762,-0.06705515086650848,0.5709264874458313,0.5386389493942261,-0.0894867554306984,0.5385366678237915,0.501304030418396,-0.10144678503274918,0.5115478038787842,0.45965027809143066,-0.10990052670240402
0.6463771462440491,0.6537330746650696,9.98286736830778e-07,0.7027639746665955,0.5416616797447205,-0.04473476856946945,0.7461970448493958,0.4108884334564209,-0.07244496792554855,0.789832353591919,0.30781784653663635,-0.0969557836651802,0.8330973386764526,0.23750944435596466,-0.12251021713018417,0.6514777541160583,0.2883145809173584,-0.05734917148947716,0.6637364029884338,0.1266821026802063,-0.09364067763090134,0.6680602431297302,0.019333064556121826,-0.11968223005533218,0.6708839535713196,-0.07133212685585022,-0.13728195428848267,0.5949912667274475,0.3036889433860779,-0.05776381120085716,0.5726134777069092,0.13318124413490295,-0.08897046744823456,0.5615228414535522,0.02136176824569702,-0.11200910806655884,0.5492239594459534,-0.07547861337661743,-0.1281244307756424,0.5507168173789978,0.3559352159500122,-0.06234937533736229,0.5072061419487,0.23559322953224182,-0.09457007050514221,0.47878992557525635,0.1532951146364212,-0.1171497330069542,0.4550086259841919,0.07763195037841797,-0.1313730776309967,0.5170468091964722,0.4375302195549011,-0.07052315771579742,0.46315228939056396,0.3814951181411743,-0.09946916997432709,0.42587387561798096,0.34434643387794495,-0.1130124032497406,0.3928399682044983,0.30206578969955444,-0.1208215281367302
0.48188626766204834,0.7262592315673828,8.219993787861313e-07,0.5152887105941772,0.5790271759033203,-0.03352360054850578,0.5292798280715942,0.43388471007347107,-0.05124076083302498,0.5473154187202454,0.32414138317108154,-0.06726247817277908,0.5639922022819519,0.25573569536209106,-0.08499366790056229,0.4333680272102356,0.35523751378059387,-0.04137184098362923,0.41698092222213745,0.19827012717723846,-0.06474011391401291,0.4096197485923767,0.11085948348045349,-0.08534932136535645,0.40142959356307983,0.027537673711776733,-0.10187909752130508,0.3895348608493805,0.38978883624076843,-0.04372065141797066,0.35521864891052246,0.24382370710372925,-0.06396298110485077,0.33202028274536133,0.15909653902053833,-0.0879102423787117,0.3076997399330139,0.08144593238830566,-0.10800503939390182,0.3581017255783081,0.4501306414604187,-0.048752348870038986,0.3052356243133545,0.34427404403686523,-0.07105564326047897,0.2704208791255951,0.29256972670555115,-0.09517792612314224,0.2395510971546173,0.2473057508468628,-0.1137981042265892,0.33993417024612427,0.5375946164131165,-0.05636864900588989,0.29103291034698486,0.4913780987262726,-0.07642566412687302,0.26341062784194946,0.4850606620311737,-0.08835142850875854,0.2386452853679657,0.47302016615867615,-0.09757798910140991
0.35334131121635437,0.7772310972213745,6.831475047874846e-07,0.3573954105377197,0.662034273147583,-0.04123036190867424,0.3339698016643524,0.5382335782051086,-0.0567956380546093,0.3173830807209015,0.42536380887031555,-0.06892313063144684,0.3104060888290405,0.33321231603622437,-0.07957648485898972,0.2454400360584259,0.4838603138923645,-0.023875713348388672,0.20394545793533325,0.3700847029685974,-0.04215789586305618,0.17781153321266174,0.3030763268470764,-0.05979936197400093,0.15078765153884888,0.24247759580612183,-0.07387695461511612,0.20983511209487915,0.5369808673858643,-0.018799839541316032,0.16037258505821228,0.4406973719596863,-0.03152317926287651,0.12568998336791992,0.38027840852737427,-0.047423843294382095,0.09128507971763611,0.326293408870697,-0.061001505702733994,0.19153040647506714,0.6113470792770386,-0.01940918155014515,0.13537150621414185,0.5525231957435608,-0.03556003049015999,0.09638720750808716,0.515670895576477,-0.051359422504901886,0.05977389216423035,0.48162633180618286,-0.06364697962999344,0.18831872940063477,0.7007277011871338,-0.024487202987074852,0.134240984916687,0.6940467357635498,-0.04343375563621521,0.09754051268100739,0.6954379677772522,-0.05407978966832161,0.06132328510284424,0.6915408968925476,-0.06114795431494713
0.35449862480163574,0.9604697227478027,5.355071834856062e-07,0.3666028380393982,0.8304290771484375,-0.037443194538354874,0.34104833006858826,0.6979132294654846,-0.05159953236579895,0.31629678606987,0.5889986753463745,-0.06263943016529083,0.3089281916618347,0.5015848278999329,-0.0731378123164177,0.24871064722537994,0.6521767377853394,-0.0318601131439209,0.1958167999982834,0.5429804921150208,-0.05374574661254883,0.16260024905204773,0.47581276297569275,-0.07171668112277985,0.13201987743377686,0.41720181703567505,-0.0863640308380127,0.2123003900051117,0.7089620232582092,-0.030605629086494446,0.15081587433815002,0.6120190620422363,-0.05149718001484871,0.11005691438913345,0.5521830916404724,-0.07096555829048157,0.07177777588367462,0.5004757046699524,-0.08582194149494171,0.1943194717168808,0.7868348360061646,-0.03408534824848175,0.12364355474710464,0.7269864082336426,-0.05961616337299347,0.07747019827365875,0.6933366656303406,-0.08092015236616135,0.03531821072101593,0.66078782081604,-0.0953676775097847,0.1916487067937851,0.8794270753860474,-0.04073474556207657,0.128678098320961,0.8683638572692871,-0.06795716285705566,0.08670701086521149,0.865566074848175,-0.08414758741855621,0.04572629928588867,0.8549673557281494,-0.09446708858013153
